F_Name,L_Name,Date,KM,Activity
Fahad,Hussain,01-01-2024,3,Running
Fahad,Hussain,02-01-2024,4,Running
Fahad,Hussain,03-01-2024,5,Running
Fahad,Hussain,04-01-2024,6,Running
Rizwan,Khan,05-01-2024,7,Running
Rizwan,Khan,06-01-2024,8,Running
Rizwan,Khan,07-01-2024,9,Running
Rizwan,Khan,08-01-2024,3,Running
Rizwan,Khan,09-01-2024,4,Running
Rafeeq,P,10-01-2024,5,Running
Rafeeq,P,11-01-2024,6,Running
Rafeeq,P,12-01-2024,7,Running
Rafeeq,P,13-01-2024,8,Running
Rafeeq,P,14-01-2024,9,Running
Rafeeq,P,15-01-2024,4,Running
Rafeeq,P,16-01-2024,2,Running
Shaji ,Hussain,17-01-2024,4,Running
Shaji ,Hussain,18-01-2024,5,Running
Shaji ,Hussain,19-01-2024,6,Running
Shaji ,Hussain,20-01-2024,7,Running
Shaji ,Hussain,21-01-2024,8,Running
Shaji ,Hussain,22-01-2024,9,Running
Shaji ,Hussain,23-01-2024,10,Running
